group_id,generation,class_code,group_number,n_members,online_ratio,master_ratio,major_diversity,leave_rate,exc_rate,point_mean,point_sum,months,pred_point_mean_oof,pred_point_mean_full,pred_leave_prob,pred_leave_prob_full,pred_exc_prob,pred_exc_prob_full
10_10_3,10,10,3,4,0.0,0.25,1.0,0.0,0.0,1.4000000000000001,4.2,3.0,1.0142663558278135,1.1551551419452457,0.19741939565786318,0.16278386300615522,0.30588027721922817,0.27811149051472533
10_10_4,10,10,4,4,1.0,0.25,1.0,0.0,0.0,-0.5,-1.5,3.0,0.646640837017921,0.35640085653158576,0.28676291140405796,0.22092845982216708,0.19757836532579123,0.17919785949061648
10_10_5,10,10,5,4,0.0,0.25,1.0,0.0,0.0,0.6999999999999998,2.0999999999999996,3.0,1.0142663558278135,1.1551551419452457,0.21088087683622858,0.1620142118318496,0.28117798122526305,0.25436572968464455
10_10_6,10,10,6,4,0.0,0.25,1.0,0.0,0.0,1.7999999999999998,5.3999999999999995,3.0,0.8601771500682988,1.1551551419452457,0.25648303403811573,0.22011706150136626,0.2565697309321317,0.2323864723948091
10_11_1,10,11,1,5,1.0,0.2,0.8,0.0,0.0,1.3333333333333333,4.0,3.0,0.11289468374218371,0.5624647874579128,0.22485734602241245,0.21390224589760684,0.3251079608912607,0.33775248938943814
10_11_2,10,11,2,4,0.0,0.25,1.0,0.0,0.0,0.06666666666666665,0.19999999999999996,3.0,0.9770924849937859,0.550288214736652,0.25878831435656846,0.22169557637028953,0.3925225387211647,0.39713121720634426
10_11_3,10,11,3,5,0.0,0.2,1.0,0.0,1.0,2.4333333333333336,7.300000000000001,3.0,2.3483695987103164,2.6674660800264567,0.2248968070267056,0.18537405053586364,0.27148707121050425,0.5080046110187542
10_11_4,10,11,4,4,0.0,0.25,1.0,0.0,0.0,0.5666666666666667,1.7,3.0,0.9770924849937859,0.550288214736652,0.2582130287741584,0.21669642264532998,0.34863106143665057,0.34603588538865654
10_12_1,10,12,1,4,0.0,0.25,1.0,0.0,0.0,,,,,0.7919540987253484,0.32794427124128306,0.2956151024202259,0.3390900011159904,0.2977521161202387
10_1_1,10,1,1,4,0.0,0.25,1.0,0.25,0.0,1.45,5.8,4.0,0.2672039749679334,0.7151938458493662,0.38083538885194473,0.3583353069068062,0.27782128598781397,0.2686616416955313
10_1_2,10,1,2,3,0.0,0.3333333333333333,1.0,0.3333333333333333,0.0,-0.5,-2.0,4.0,0.38571176707551624,0.03160775818702902,0.41707491803286345,0.4352266296571104,0.2408694656374163,0.24462817617666507
10_1_3,10,1,3,3,1.0,0.3333333333333333,1.0,0.3333333333333333,0.0,-0.5,-2.0,4.0,-0.011969993135722312,-0.12664231787117206,0.4151282412762242,0.5007053482607013,0.23973153860845572,0.20828358119563517
10_1_4,10,1,4,4,1.0,0.25,1.0,0.0,0.0,0.625,2.5,4.0,0.12312685433779184,0.3065882671456633,0.44058847277722324,0.39555318992893984,0.2164544837533228,0.20581693389417435
10_1_5,10,1,5,6,0.0,0.16666666666666666,1.0,0.0,0.0,0.5750000000000001,2.3000000000000003,4.0,0.5649693241527001,0.5407438513307681,0.33138310880462535,0.33219235458952856,0.2661390740718829,0.2734412854562912
10_1_6,10,1,6,5,0.0,0.2,1.0,0.0,0.0,0.17500000000000002,0.7000000000000001,4.0,0.8048801675485014,0.5702332046156003,0.39869094148115924,0.36511370561532697,0.18054829275878176,0.1876952730542894
10_2_1,10,2,1,6,1.0,0.16666666666666666,0.8333333333333334,0.0,0.0,0.3,1.2,4.0,0.09733718043530536,0.31934260688231586,0.328629509556518,0.30778160723927783,0.2732012881611586,0.25519486645037814
10_2_10,10,2,10,3,0.0,0.3333333333333333,1.0,0.0,0.0,0.25,1.0,4.0,0.36477013738576197,0.3495956684904596,0.3095824643445663,0.29831213406729473,0.1728031388233673,0.17044066233702568
10_2_11,10,2,11,5,0.0,0.2,0.8,0.4,0.0,0.825,3.3,4.0,0.55933892205788,0.6484658344857303,0.3248401096165666,0.40484892990018106,0.17729595483461685,0.17588614850150314
10_2_12,10,2,12,5,1.0,0.2,1.0,0.0,0.0,-0.07500000000000001,-0.30000000000000004,4.0,0.6304036450663533,0.35500656816177684,0.35596688808687404,0.3610324879514178,0.239971229690442,0.21978647407365673
10_2_13,10,2,13,5,1.0,0.2,0.8,0.2,0.0,-0.125,-0.5,4.0,0.33553943514510165,0.1319093183321308,0.38757114304147505,0.3984494503592369,0.1935666141834606,0.17107391185016704
10_2_14,10,2,14,4,1.0,0.25,1.0,0.0,0.0,0.5249999999999999,2.0999999999999996,4.0,0.13559495325276552,0.17082681878306916,0.4144151908123432,0.3936598512156032,0.2053314778643592,0.2278002709053277
10_2_2,10,2,2,6,0.0,0.16666666666666666,1.0,0.16666666666666666,0.0,0.55,2.2,4.0,0.7986218116181667,0.7210469990295197,0.32963269402971385,0.3179460380235894,0.28630175419878195,0.27670014215351846
10_2_3,10,2,3,5,0.0,0.2,0.8,0.0,0.0,0.39999999999999997,1.5999999999999999,4.0,1.2351560240299813,0.986519907407406,0.4026318919361255,0.3795032035819276,0.2258030361648263,0.21398249526159946
10_2_4,10,2,4,5,0.0,0.2,0.8,0.0,0.0,1.4,5.6,4.0,0.892701394716396,0.986519907407406,0.35253430194817115,0.3030873027169533,0.2048526520123765,0.19811298346717637
10_2_5,10,2,5,5,0.0,0.2,1.0,0.0,0.0,2.2,8.8,4.0,0.46026740921115883,1.0133353243592833,0.31507951580760485,0.31260858087483345,0.25269412774423194,0.23406528393055667
10_2_7,10,2,7,4,0.0,0.25,1.0,0.0,0.0,0.975,3.9,4.0,0.7209096896544805,0.6912477197570951,0.29770640169846013,0.31061659166202144,0.2250671669336822,0.21600496458922175
10_2_8,10,2,8,4,1.0,0.25,1.0,0.0,0.0,-0.125,-0.5,4.0,0.3334410642983559,0.17082681878306916,0.3592216698365263,0.3447947786332376,0.19598261360151797,0.18107596273630577
10_2_9,10,2,9,4,0.0,0.25,1.0,0.0,0.0,0.025000000000000022,0.10000000000000009,4.0,1.0758746916278163,0.6912477197570951,0.3708810984970661,0.36973899543337374,0.20722137808801933,0.20290905371277165
10_3_1,10,3,1,5,0.0,0.2,1.0,0.0,0.0,0.3,1.2,4.0,0.48984107443482466,0.5660827454181625,0.15587120548354072,0.15777063520849305,0.21532951066079625,0.18934033698076438
10_3_10,10,3,10,4,1.0,0.25,1.0,0.0,0.0,0.475,1.9,4.0,0.43514204873059004,0.47469007808413494,0.19950446335849367,0.17518539089180632,0.14605144267560027,0.14103830102091766
10_3_11,10,3,11,4,0.0,0.25,0.75,0.0,0.0,1.4,5.6,4.0,0.6554617730379187,0.8825044527617445,0.185686188773227,0.17216997172057577,0.14989373767407652,0.13849160076068956
10_3_12,10,3,12,4,1.0,0.25,1.0,0.0,0.0,0.625,2.5,4.0,0.4687630232036484,0.47469007808413494,0.19514591397574596,0.1982676197316207,0.19112780329806084,0.16727350289993964
10_3_14,10,3,14,4,1.0,0.25,0.75,0.0,0.0,0.2,0.8,4.0,0.41398769129327423,0.2713935367094324,0.17407225208322413,0.16216138066064043,0.1480808213291993,0.15177585521279646
10_3_15,10,3,15,4,0.0,0.25,0.75,0.0,0.0,1.05,4.2,4.0,0.8936555370670995,0.8825044527617445,0.19995158659088763,0.16347285724730692,0.08719109620683874,0.09409993646700239
10_3_16,10,3,16,4,1.0,0.25,1.0,0.0,0.0,-0.125,-0.5,4.0,0.5941742123617125,0.47469007808413494,0.1837213356941378,0.16132496239684677,0.1142519873222588,0.10771149924392728
10_3_17,10,3,17,4,0.0,0.25,1.0,0.0,0.0,0.47500000000000003,1.9000000000000001,4.0,0.5570300998962462,0.5457056064306065,0.20878736001031756,0.19181498753347145,0.1298676013562174,0.11465670487657419
10_3_2,10,3,2,5,1.0,0.2,0.8,0.2,0.0,0.0,0.0,4.0,0.37469292692261424,0.07209810921717166,0.19419952824316228,0.19640828637701016,0.15309019933332985,0.13212667182514556
10_3_3,10,3,3,4,1.0,0.25,1.0,0.0,0.0,0.775,3.1,4.0,0.37474069792090653,0.47469007808413494,0.16385115875487885,0.15504309007391118,0.16288734448766334,0.15300427768197294
10_3_4,10,3,4,4,1.0,0.25,1.0,0.0,0.0,0.25,1.0,4.0,0.4687630232036484,0.47469007808413494,0.2165495855821171,0.1804579027484744,0.13668887063016122,0.11777183645814332
10_3_6,10,3,6,5,1.0,0.2,0.8,0.0,0.0,-0.5,-2.0,4.0,0.6171673074340789,0.2537262534225036,0.19415947016356022,0.17822387174563173,0.12010559962724879,0.10401919832230395
10_3_7,10,3,7,4,1.0,0.25,1.0,0.0,0.0,0.7749999999999999,3.0999999999999996,4.0,0.37474069792090653,0.47469007808413494,0.21227822762669762,0.21370460022193738,0.13307117017080655,0.12032250921667811
10_3_8,10,3,8,4,0.0,0.25,1.0,0.0,0.0,0.25,1.0,4.0,0.6752264991181659,0.5457056064306065,0.14421267015398825,0.14472864031109586,0.16391846750993638,0.15190926123017667
10_3_9,10,3,9,5,1.0,0.2,1.0,0.0,0.0,1.4,5.6,4.0,0.5255887043936007,0.6406618327569316,0.19304905307288373,0.1889530042770237,0.13630592628557756,0.12200503209434994
10_4_1,10,4,1,5,1.0,0.2,0.6,0.0,0.0,0.3,1.2,4.0,0.6614155770279101,0.4383888185194441,0.40381256673579624,0.406047780954425,0.2931989797871593,0.27348642641270016
10_4_3,10,4,3,5,1.0,0.2,0.6,0.8,0.0,-0.5,-1.0,2.0,0.5148005588624336,0.06364720293209872,0.36783953884963566,0.4923790513026466,0.24594670159642512,0.21547480156192803
10_4_4,10,4,4,5,0.0,0.0,1.0,0.2,0.0,0.3,1.2,4.0,0.2277916376062212,0.29182932056369587,0.36310059598518957,0.37413568504645633,0.246855469479156,0.226959816170345
10_4_5,10,4,5,5,1.0,0.2,1.0,0.0,0.0,0.8500000000000001,3.4000000000000004,4.0,0.5871690428437301,0.6808451639409971,0.39604323100304567,0.3563376449276213,0.3096535335660664,0.29553174237675256
10_4_6,10,4,6,5,1.0,0.2,1.0,0.4,0.0,0.95,3.8,4.0,0.1950033002645503,0.5503049315075352,0.3709597652614126,0.4555311547682094,0.246857580347023,0.23669553851156877
10_4_7,10,4,7,5,0.0,0.2,1.0,0.0,0.0,0.9,3.6,4.0,0.41480089716610513,0.646171503477233,0.37528731376788954,0.3545254280604119,0.2537446598141187,0.2261781323420434
10_4_8,10,4,8,5,0.0,0.2,1.0,0.2,0.0,-0.125,-0.5,4.0,0.591440207782187,0.33425380248609465,0.3235811402763848,0.33897489038649214,0.21917028432637867,0.19465282648555168
10_4_9,10,4,9,3,0.0,0.3333333333333333,1.0,0.0,0.0,0.2,0.8,4.0,0.46208184408184394,0.29286884169071636,0.3679902324096625,0.3592379799022481,0.243707635616214,0.2343556859139392
10_5_1,10,5,1,5,0.0,0.2,1.0,0.0,0.0,0.3,1.2,4.0,0.8463695739638454,0.6575864999198334,0.2219077804094721,0.1825429683945184,0.3824829906058118,0.3739237266197429
10_5_2,10,5,2,5,1.0,0.2,1.0,0.2,0.0,-0.125,-0.5,4.0,0.3033256892528768,0.3279724018959437,0.29527674919698466,0.32479681796026044,0.381358208778114,0.3802083654893603
10_5_3,10,5,3,3,1.0,0.3333333333333333,1.0,0.0,0.0,-0.125,-0.5,4.0,0.44527094030583614,0.04870026354818021,0.26703027642661387,0.2566725645787418,0.34760363022064683,0.3636633586779198
10_5_4,10,5,4,4,1.0,0.25,1.0,0.0,0.0,0.425,1.7,4.0,0.6054537570145903,0.2108884580176767,0.2896143138122584,0.2897590729487195,0.36446612977378073,0.3859828177527089
10_6_1,10,6,1,5,0.0,0.2,1.0,0.0,0.0,1.5,6.0,4.0,0.823819614307761,0.9471701284556487,0.20599909708076072,0.20278399926117247,0.48180501349903826,0.48207900892730704
10_6_2,10,6,2,3,1.0,0.3333333333333333,1.0,0.0,0.0,1.425,5.7,4.0,-0.0142756043570627,0.37004580778018337,0.2348614978746816,0.2658199968146354,0.3974904497567757,0.40846912111083783
10_6_3,10,6,3,5,0.0,0.2,1.0,0.0,1.0,2.35,9.4,4.0,3.006142439594358,2.7089961689814803,0.2245649905603176,0.223949988892105,0.4622764778699831,0.6186031114137454
10_6_4,10,6,4,3,1.0,0.3333333333333333,1.0,0.0,0.0,-0.5,-2.0,4.0,0.7304041480571902,0.37004580778018337,0.23530869312334488,0.24985029872870712,0.39144461282823717,0.40175915733310386
10_6_5,10,6,5,4,1.0,0.25,1.0,0.0,0.0,1.025,4.1,4.0,0.5941272384579147,0.5973709748777438,0.2746068263328111,0.26038980784279075,0.3485645054989304,0.34658787452355244
10_6_6,10,6,6,4,0.0,0.25,1.0,0.0,0.0,0.8,3.2,4.0,1.1328511053090422,0.9584655548540953,0.23246605319140407,0.2185109571912011,0.4329617646153995,0.46649715974943406
10_6_7,10,6,7,4,1.0,0.25,0.75,0.0,0.0,-0.125,-0.5,4.0,0.811297956554634,0.4439352256192881,0.24720122633830954,0.2408605289999882,0.3719078452758346,0.36631181417415026
10_7_1,10,7,1,4,1.0,0.25,1.0,0.0,0.0,1.6,6.4,4.0,0.4945910043467338,1.068141347001763,0.19953043657036088,0.1845243507641512,0.2742273001384131,0.24851297519093524
10_7_2,10,7,2,3,0.0,0.3333333333333333,1.0,0.0,0.0,0.44999999999999996,1.7999999999999998,4.0,0.4771326188472019,0.5523535265852976,0.27476738563093933,0.2631764870418064,0.38286275319223306,0.36584363167687245
10_7_3,10,7,3,5,0.0,0.2,0.8,0.0,0.0,1.025,4.1,4.0,1.0913584562389766,0.9984109176240425,0.29563907992438987,0.28886206609059456,0.2723522071660266,0.29368112554681025
10_7_4,10,7,4,4,1.0,0.25,1.0,0.0,0.0,1.5750000000000002,6.300000000000001,4.0,0.4945910043467338,1.068141347001763,0.27182770416889945,0.24560993485941807,0.23836582202220924,0.20089094680079025
10_7_5,10,7,5,4,1.0,0.25,0.75,0.0,0.0,1.625,6.5,4.0,0.7760949219376306,1.12456393240941,0.2270497894538963,0.23777036624181114,0.22859864109913947,0.2344907796033738
10_7_6,10,7,6,4,0.0,0.25,1.0,0.5,0.0,0.3,1.2,4.0,0.5364332178431139,0.4852986144179893,0.2420929206205956,0.3215783501392906,0.2632752632226995,0.23872694179405915
10_7_7,10,7,7,3,1.0,0.3333333333333333,1.0,0.0,0.0,0.6,2.4,4.0,0.6030080138611384,0.6893973980880235,0.29660427057336264,0.28574086967775253,0.26340042363739735,0.2693647249384059
10_7_8,10,7,8,4,1.0,0.25,1.0,0.0,0.0,0.25,1.0,4.0,1.1965495916429252,1.068141347001763,0.35225099219399414,0.3322347000873125,0.21351418477932196,0.21528218054386503
10_8_1,10,8,1,6,1.0,0.16666666666666666,1.0,0.0,0.0,0.5,1.5,3.0,0.7380565479474237,0.6459677449094116,0.29325934979807344,0.30001732632517086,0.3446375917723068,0.35661245397591723
10_8_2,10,8,2,5,0.0,0.2,1.0,0.0,0.0,0.9666666666666668,2.9000000000000004,3.0,0.5082968229316983,0.7463423663219496,0.24704050334052113,0.20745903497825738,0.3185886825243588,0.3421062508199478
10_8_3,10,8,3,4,1.0,0.25,1.0,0.0,0.0,0.06666666666666665,0.19999999999999996,3.0,0.64461267398882,0.30660975975028065,0.26226219945466445,0.2850872085504876,0.21317191549787382,0.30010563249479766
10_8_4,10,8,4,4,0.0,0.25,0.5,0.0,0.0,0.5666666666666667,1.7,3.0,0.9412230644428881,0.9088805966718451,0.2086121750357095,0.1937005269542238,0.26292562451949086,0.29276366632829104
10_8_5,10,8,5,3,0.0,0.3333333333333333,1.0,0.0,1.0,5.5,16.5,3.0,2.5289150937500002,3.6597172964616447,0.24196532174587673,0.1974616663911232,0.3849671173168234,0.593792305119463
10_8_7,10,8,7,5,1.0,0.2,1.0,0.2,0.0,1.1333333333333333,3.4,3.0,0.28574796137889874,0.5524070082271118,0.2253621406720081,0.2571499620333506,0.36658442660750756,0.34719554332299174
10_9_1,10,9,1,4,0.0,0.25,1.0,0.0,1.0,2.5333333333333337,7.6000000000000005,3.0,2.3405638973214264,2.698092774085098,0.22928763059704224,0.1905746564676033,0.5499484376010029,0.7114510711474925
10_9_2,10,9,2,4,1.0,0.25,1.0,0.0,0.0,0.13333333333333333,0.4,3.0,0.3581956394878269,0.17190647747314414,0.3021171296443677,0.2832019040665471,0.501809795943902,0.5197113743819294
10_9_3,10,9,3,5,0.0,0.2,1.0,0.0,0.0,0.06666666666666665,0.19999999999999996,3.0,0.8686135599015177,0.5905978392556516,0.30673152606965,0.264616054046072,0.4796553558583164,0.4999709015663423
10_9_5,10,9,5,5,1.0,0.2,1.0,0.0,1.0,2.2666666666666666,6.8,3.0,1.9355561051587336,2.24977382021605,0.36335216100719303,0.3431555720654469,0.42531379843441314,0.613950571514357
10_9_6,10,9,6,5,1.0,0.2,1.0,0.0,0.0,0.0,0.0,3.0,0.7269259282384289,0.3884725569183903,0.30973891431005957,0.2981895560531079,0.567038339584079,0.5315232063880917
10_9_7,10,9,7,4,0.0,0.25,1.0,0.0,0.0,1.5333333333333332,4.6,3.0,0.37464514665504256,0.776990843654802,0.34288550456428124,0.32393316696753927,0.5154779688102129,0.5204093819532636
10_9_8,10,9,8,4,0.0,0.25,1.0,0.5,0.0,0.1333333333333333,0.3999999999999999,3.0,0.4153637498997921,0.3477575473985888,0.37008563698921787,0.4227020327091022,0.4219227962708354,0.4685823451377151
11_11_1,11,11,1,6,0.0,0.16666666666666666,0.8333333333333334,0.0,0.0,2.4000000000000004,7.200000000000001,3.0,2.577761632194968,2.8301311467853147,0.218794631878673,0.19616924879934924,0.09486337864733439,0.11248738883135646
11_11_2,11,11,2,2,1.0,0.5,1.0,0.0,0.0,0.8000000000000002,2.4000000000000004,3.0,1.3403444811361476,1.6975958661708597,0.34747030515065336,0.31187904194404564,0.1544598284330168,0.1145067316863557
11_11_3,11,11,3,3,1.0,0.3333333333333333,1.0,0.0,0.0,3.0,9.0,3.0,1.5248858605900262,1.6032242069658709,0.29815755952533834,0.2594309459590766,0.2053092503133699,0.2165412606676765
11_11_4,11,11,4,5,1.0,0.2,1.0,0.2,0.0,3.4666666666666663,10.399999999999999,3.0,2.3899699735449715,2.727326691518361,0.33732576004169995,0.3517472793012938,0.09604940603563884,0.07883037705273487
11_11_5,11,11,5,5,0.0,0.2,1.0,0.2,0.0,2.6666666666666665,8.0,3.0,3.2734234327400995,2.852845431112097,0.2597381762312486,0.2655089233018092,0.15591491922874873,0.13959407236133164
11_12_10,11,12,10,5,0.0,0.2,1.0,0.2,0.0,2.8666666666666667,8.6,3.0,3.336405888093382,3.15481884920634,0.3059363027375164,0.31566048621267473,0.07184703675838247,0.06161295951176941
11_12_2,11,12,2,4,0.0,0.25,0.5,0.0,0.0,1.4333333333333333,4.3,3.0,4.168159126984131,3.0380536215327902,0.2788930897502919,0.22251303582522508,0.10935056733039618,0.09551141921350158
11_12_3,11,12,3,4,1.0,0.25,1.0,0.75,0.0,0.9,2.7,3.0,2.1042819444444416,1.2179940696649052,0.30616607491485287,0.4751819143546335,0.08248225628292923,0.09507326546495072
11_12_5,11,12,5,3,0.0,0.3333333333333333,1.0,0.0,0.0,4.2,12.6,3.0,1.8636276720193397,2.682346614496613,0.24236753343696782,0.2764397446601871,0.10414598421357547,0.07955599192776915
11_12_6,11,12,6,3,1.0,0.3333333333333333,1.0,0.0,0.0,-0.7666666666666666,-2.3,3.0,2.2462977413019094,1.2799783034866374,0.4120342652142646,0.3754526003021761,0.06683825951800418,0.06906273824049651
11_12_7,11,12,7,6,0.0,0.16666666666666666,1.0,0.0,0.0,2.8666666666666667,8.6,3.0,1.9276149577274593,2.9620656405323027,0.3192908131269309,0.2725816699072196,0.11269801446939805,0.08807489242630488
11_12_9,11,12,9,4,1.0,0.25,1.0,0.0,0.0,5.2,15.6,3.0,1.625637477954145,3.1614001042167676,0.35761637091801135,0.3366453127929482,0.09718141305859729,0.077647823106682
11_13_1,11,13,1,4,0.0,0.25,0.75,0.0,0.0,3.266666666666667,9.8,3.0,2.8444226938185317,3.7080514409972745,0.39309783710862517,0.3305836245594515,0.13042789985061531,0.11295463675285218
11_13_2,11,13,2,4,0.0,0.25,1.0,0.25,0.0,2.766666666666667,8.3,3.0,2.143415476190475,2.4394116806033472,0.4342922132962719,0.45236490974449384,0.07995663426945038,0.0692330623137124
11_13_3,11,13,3,4,1.0,0.25,1.0,0.0,0.0,2.266666666666667,6.800000000000001,3.0,3.0021475579975556,2.694305573284738,0.5138978913872583,0.4932413379057762,0.07466194128187725,0.08407612668293885
11_13_4,11,13,4,4,0.0,0.25,0.75,0.0,0.0,4.133333333333334,12.4,3.0,3.237185934744271,3.7080514409972745,0.41643967463782294,0.3725242987356789,0.10100448671715198,0.0781435783397322
11_13_5,11,13,5,4,1.0,0.25,1.0,1.0,0.0,1.8,5.4,3.0,1.0556142636684307,1.3498592813051162,0.5397482547874461,0.6352477412970162,0.09105188217195398,0.0803198785415763
11_13_6,11,13,6,4,1.0,0.25,0.75,0.5,0.0,1.9333333333333333,5.8,3.0,1.9514585097001762,1.714874757495591,0.5295737414426274,0.5842600401261607,0.07265152827580915,0.07917871484590325
11_13_7,11,13,7,4,1.0,0.25,1.0,0.0,0.0,2.8666666666666667,8.6,3.0,2.8633490506407195,2.694305573284738,0.5194158074608214,0.5142415280171222,0.10046391522824605,0.09155420457110056
11_13_8,11,13,8,4,1.0,0.25,1.0,0.25,0.0,0.8000000000000002,2.4000000000000004,3.0,2.6920807178932207,1.8096792628667644,0.5184416496639805,0.5199629731619763,0.08673194279420564,0.09105508743275859
11_14_1,11,14,1,4,1.0,0.25,1.0,0.0,0.0,2.8000000000000003,8.4,3.0,2.7266246873496867,2.736274570799569,0.36328058945085956,0.3408182568315271,0.07148460348251627,0.058597224981262123
11_14_2,11,14,2,4,0.0,0.25,1.0,0.0,0.0,0.7333333333333334,2.2,3.0,2.75508818326735,2.1903284574992887,0.2251078104782806,0.21373808571093741,0.17745382233466112,0.16313077060895295
11_14_3,11,14,3,3,1.0,0.3333333333333333,1.0,0.0,0.0,2.3333333333333335,7.0,3.0,1.0952510578927248,1.2870908933658929,0.33816704384022583,0.31109568888241956,0.1278282988301519,0.10841302165866622
11_15_1,11,15,1,3,1.0,0.3333333333333333,1.0,0.3333333333333333,0.0,3.0666666666666664,9.2,3.0,0.5680302629469298,1.2088410063701722,0.40360884821562487,0.4348672690310744,0.08354497644372826,0.0744420670724461
11_15_2,11,15,2,3,0.0,0.3333333333333333,0.6666666666666666,0.0,0.0,2.1,6.300000000000001,3.0,3.3457940898607585,2.5982944840653186,0.26413490435272813,0.2516787673826529,0.1546792439276715,0.14534708027886672
11_16_2,11,16,2,2,0.0,0.5,1.0,0.0,0.0,2.466666666666667,7.4,3.0,2.220785191043527,2.1900564028563996,0.2420774763769351,0.19676203998962366,0.10328214296249791,0.07478008838087707
11_16_3,11,16,3,3,1.0,0.3333333333333333,1.0,0.0,0.0,-0.7333333333333334,-2.2,3.0,1.5163927388969045,1.1429759462759463,0.31535760624300324,0.31162669694705847,0.1416320683402936,0.10869767030223225
11_17_1,11,17,1,5,0.0,0.2,1.0,0.0,0.0,2.5333333333333337,7.6000000000000005,3.0,2.9036542528459206,2.655045711695711,0.3217728585584845,0.2609471709971768,0.15781851621302717,0.12338209866874057
11_1_1,11,1,1,4,1.0,0.25,1.0,0.25,0.0,3.0,9.0,3.0,1.4820442981401332,2.094854481321147,0.43964756313388476,0.48331335797349173,0.07845991703985983,0.060869647318062624
11_1_2,11,1,2,2,1.0,0.5,1.0,1.0,0.0,2.6,7.800000000000001,3.0,0.5409985670194002,1.2895551366843023,0.47005664407856257,0.5700556515191912,0.07889557326545804,0.055785617275776675
11_1_3,11,1,3,4,1.0,0.25,1.0,0.5,0.0,0.5666666666666667,1.7,3.0,2.200907056677885,1.449790013227513,0.5228142264694597,0.5497593626604194,0.08367748183479068,0.0664577460681646
11_1_4,11,1,4,4,0.0,0.25,1.0,0.0,0.0,2.3333333333333335,7.0,3.0,2.617490813892895,2.3657363879947217,0.3728297818863049,0.33147489931386687,0.08617554225640586,0.06926872070896797
11_22_1,11,22,1,2,1.0,0.5,1.0,1.0,0.0,0.39999999999999997,1.2,3.0,1.3382814919648252,1.0937059964726625,0.44213203107067256,0.512990022099029,0.08060614007741199,0.06667792394028826
11_2_2,11,2,2,5,1.0,0.2,1.0,0.0,0.0,3.0,9.0,3.0,2.953562836700332,2.7702721577804907,0.4359007320899512,0.38410403713282754,0.0955554021816846,0.08362747173401762
11_2_3,11,2,3,6,0.0,0.16666666666666666,1.0,0.0,0.0,4.0,12.0,3.0,2.2744521110062763,2.9686843869093886,0.27350782556427844,0.2795966152264043,0.1311603341948117,0.12471997982503193
11_2_4,11,2,4,4,0.0,0.25,1.0,0.0,0.0,2.3333333333333335,7.0,3.0,2.837017372134034,2.5639577538202527,0.307006788766909,0.2860448938578838,0.08370608179091413,0.08858841498311018
11_2_5,11,2,5,5,0.0,0.2,1.0,0.0,0.0,3.1999999999999997,9.6,3.0,2.9406206990540342,2.974813135321469,0.32410100114731766,0.3127972053471412,0.09111113450547384,0.10506135490550986
11_2_6,11,2,6,5,0.0,0.2,1.0,0.0,0.0,2.6,7.8,3.0,2.9406206990540342,2.974813135321469,0.3224476123762322,0.3118844827401601,0.1130581577552621,0.10564769703298113
11_2_7,11,2,7,4,1.0,0.25,1.0,0.0,0.0,2.6333333333333333,7.9,3.0,3.4149743686868645,2.907376142067808,0.4057447748407001,0.40959816959957274,0.10833625742420246,0.11187882821513338
11_2_9,11,2,9,3,1.0,0.0,1.0,1.0,0.0,-0.3666666666666667,-1.1,3.0,1.137393177809846,0.6948138888888893,0.3436640029031026,0.47516555456521187,0.08004382923861024,0.07985817552572494
11_3_1,11,3,1,4,0.0,0.25,0.75,0.0,0.0,6.0,18.0,3.0,2.4883124865874886,3.695857038640373,0.19203284055749886,0.1851834726910857,0.07163985188776784,0.04833071182868827
11_3_2,11,3,2,3,0.0,0.3333333333333333,1.0,0.0,0.0,2.8666666666666667,8.6,3.0,2.10123010060927,2.3586624394124347,0.18224195528626638,0.17350698350203983,0.04743668238409904,0.046474369434260976
11_3_3,11,3,3,3,1.0,0.3333333333333333,1.0,0.0,0.0,2.6666666666666665,8.0,3.0,1.6783702741702726,1.4056509852801509,0.1970008892726424,0.18768310882627856,0.049273958858672494,0.04270052037640018
11_3_4,11,3,4,3,0.0,0.3333333333333333,1.0,0.0,0.0,0.7333333333333334,2.2,3.0,2.951392822069907,2.3586624394124347,0.18145510626275121,0.15809083530135026,0.1153946061725818,0.08754462661564548
11_4_1,11,4,1,5,0.0,0.2,1.0,0.2,0.0,4.666666666666667,14.0,3.0,3.631222630147632,4.0990615503323795,0.2623279714159292,0.26795501386983445,0.09573332579098107,0.08029876262295317
11_4_10,11,4,10,6,1.0,0.16666666666666666,1.0,0.0,0.0,0.7333333333333334,2.2,3.0,3.063833277216606,2.092746249892082,0.37343981844707397,0.35932801880653664,0.07010840312892902,0.051666598902065736
11_4_11,11,4,11,3,0.0,0.3333333333333333,1.0,0.3333333333333333,0.0,0.7333333333333334,2.2,3.0,3.1155646204104586,2.0946305956389275,0.28831599954797477,0.3323571257749893,0.07531980073918625,0.07665826283577414
11_4_2,11,4,2,4,0.0,0.25,1.0,0.0,0.0,3.6999999999999997,11.1,3.0,3.279582120811289,3.360000185616859,0.2942869825230106,0.27324521376877964,0.07199978619364884,0.05103879132545446
11_4_3,11,4,3,3,0.0,0.3333333333333333,1.0,0.0,0.0,3.1333333333333333,9.4,3.0,2.8031543932918916,2.6694334525042875,0.27271638683968047,0.27916630942209386,0.07955267656835795,0.07220827274623191
11_4_4,11,4,4,5,0.0,0.2,1.0,0.0,0.0,2.6666666666666665,8.0,3.0,3.5267921657046646,3.48113517038517,0.306500194514552,0.2892350940548324,0.07417164008605003,0.061263796790427726
11_4_5,11,4,5,5,0.0,0.2,1.0,0.0,0.0,3.466666666666667,10.4,3.0,3.4561492131325506,3.48113517038517,0.25169416492729607,0.23430106712671167,0.08666070650255961,0.07162587186815776
11_4_6,11,4,6,5,0.0,0.2,1.0,0.0,0.0,3.4666666666666663,10.399999999999999,3.0,3.5267921657046646,3.48113517038517,0.2760869667456638,0.26761976037802854,0.07710578017337369,0.060393052465997396
11_4_7,11,4,7,5,0.0,0.2,1.0,0.2,0.0,5.3,15.899999999999999,3.0,3.551836339586338,4.0990615503323795,0.24680586144515365,0.2746902489584717,0.08193810289137554,0.07230850636397215
11_4_8,11,4,8,6,0.0,0.16666666666666666,1.0,0.0,0.0,3.4,10.2,3.0,3.2864189958189973,3.269225534342201,0.3166302098576787,0.28733897155431815,0.08440018533107878,0.06771522731907913
11_4_9,11,4,9,2,1.0,0.5,1.0,0.0,0.0,2.066666666666667,6.200000000000001,3.0,1.5393295762879087,1.5108452334702298,0.4257386409405267,0.4037762882138721,0.09707965207581895,0.0806419767153709
11_5_1,11,5,1,5,0.0,0.2,1.0,0.0,0.0,2.6333333333333333,7.9,3.0,2.6468478154561503,2.4047256639964973,0.2739510995467832,0.27639030828662114,0.15514694162144477,0.1492941618411476
11_5_3,11,5,3,3,0.0,0.3333333333333333,1.0,0.0,0.0,0.6999999999999998,2.0999999999999996,3.0,2.0593043069584756,1.94545183936434,0.3023040656852693,0.24274730765400254,0.17455676613898097,0.16664230776159678
11_5_4,11,5,4,4,1.0,0.25,1.0,0.25,0.0,0.6,1.8,3.0,2.3859359207150916,1.6390640271765273,0.42190986036691547,0.444076877786152,0.14361879211446796,0.1557455321679766
11_5_5,11,5,5,3,1.0,0.3333333333333333,1.0,0.0,0.0,0.7333333333333334,2.2,3.0,1.1593075543283884,0.9833757178007168,0.39826844361853736,0.4298131169785362,0.1428607277820232,0.15166709523123015
11_6_1,11,6,1,3,1.0,0.3333333333333333,1.0,0.3333333333333333,0.0,-0.7666666666666666,-2.3,3.0,1.3627476016267686,0.8177307450265793,0.3372558334545694,0.3931736546083746,0.12877834043127587,0.12363149086613316
11_6_2,11,6,2,6,0.0,0.16666666666666666,1.0,0.0,0.0,2.5333333333333337,7.6000000000000005,3.0,2.323440492223823,1.855946807359306,0.29679143174486045,0.2674823754118396,0.1377489958600057,0.13877452267716603
11_6_3,11,6,3,6,0.0,0.16666666666666666,1.0,0.0,0.0,0.7333333333333334,2.2,3.0,2.323440492223823,1.855946807359306,0.3016512280254266,0.2728590704824638,0.14890855917072,0.14863883309429501
11_6_4,11,6,4,6,1.0,0.16666666666666666,0.8333333333333334,0.3333333333333333,0.0,2.1333333333333333,6.4,3.0,0.9068181958473626,1.441586419753087,0.3950025283181377,0.4410100659398097,0.1138085548576896,0.1208675244888288
11_6_5,11,6,5,6,1.0,0.16666666666666666,1.0,0.16666666666666666,0.0,0.46666666666666673,1.4000000000000001,3.0,1.8117102833894485,1.213359171075838,0.38501410896101795,0.3816105226988437,0.11953584265956385,0.11500749765820172
11_6_6,11,6,6,5,1.0,0.2,0.8,0.0,0.0,3.366666666666667,10.100000000000001,3.0,2.2563616634908272,2.1717112353695645,0.37800805210060834,0.38066343504005223,0.13381001671212067,0.12455698040448611
11_6_7,11,6,7,5,1.0,0.2,1.0,0.0,0.0,0.7333333333333334,2.2,3.0,2.2320338857130495,1.8486176948051916,0.3445749811218419,0.3288622712481229,0.12820083104659621,0.10940847122435748
11_7_1,11,7,1,3,1.0,0.3333333333333333,1.0,0.0,0.0,-0.7666666666666666,-2.3,3.0,1.845520362353694,1.1833279687904694,0.2949877700670117,0.27229890076436086,0.08131060914517292,0.07895555940252905
11_7_2,11,7,2,4,0.0,0.25,1.0,0.0,0.0,3.2000000000000006,9.600000000000001,3.0,2.5570517194225535,2.6265663583330237,0.2527009871016185,0.2590950462621837,0.11753021926191021,0.09575574553241147
11_7_3,11,7,3,3,0.0,0.3333333333333333,1.0,0.0,0.0,3.3333333333333335,10.0,3.0,2.1947641774891786,2.583692976930475,0.2767310048955441,0.22054490275071628,0.12091713038684236,0.11642568622464185
11_7_4,11,7,4,4,0.0,0.25,1.0,0.25,0.0,3.0,9.0,3.0,2.0597986510403206,2.512530385509552,0.22859528268389206,0.2682312236440697,0.08078719623757302,0.0675153548897274
11_7_6,11,7,6,4,1.0,0.25,1.0,0.0,0.0,0.6,1.8,3.0,3.2239541947250205,2.4352718294051634,0.309921365408706,0.26843348244477483,0.08787654199999176,0.06659310257457593
11_7_7,11,7,7,3,1.0,0.3333333333333333,1.0,0.0,0.0,3.0,9.0,3.0,0.6563901711186798,1.1833279687904694,0.27579868977995886,0.23676395842013045,0.07889097695949791,0.07517343019034552
11_8_1,11,8,1,5,0.0,0.2,1.0,0.0,0.0,3.1333333333333333,9.4,3.0,2.5042282954699626,2.6648531191031184,0.23091255464249788,0.2282080278403881,0.22028324984778452,0.18992255503784244
11_8_2,11,8,2,3,0.0,0.3333333333333333,0.3333333333333333,0.0,0.0,2.8000000000000003,8.4,3.0,2.3653090005673354,2.469294682478017,0.22352518239121177,0.21054949748397936,0.16345612016353725,0.16281032490166944
11_일반학회원_1,11,일반학회원,1,4,0.0,0.25,1.0,0.0,0.0,3.466666666666667,10.4,3.0,2.657523729357061,2.9948366765950074,0.18822310013558266,0.14735069147622398,0.0741482054129125,0.05188150417807052
11_일반학회원_2,11,일반학회원,2,5,0.0,0.2,1.0,0.0,0.0,2.1333333333333333,6.4,3.0,3.312142612634277,2.983438210092372,0.24275483186457653,0.173737323896562,0.09500307395521834,0.06405275895291203
11_일반학회원_3,11,일반학회원,3,4,1.0,0.25,1.0,0.0,0.0,5.733333333333333,17.2,3.0,2.1395728395061746,3.3699137883721235,0.2941852926086063,0.2388914725872978,0.060846047093041006,0.03945051132912253
11_일반학회원_4,11,일반학회원,4,4,0.0,0.25,1.0,0.0,0.0,2.6,7.800000000000001,3.0,3.1194903509299277,2.9948366765950074,0.2068829042648945,0.15913717043720974,0.0648500095997927,0.04810614222137326
8_1_1,8,1,1,5,0.2,0.2,0.6,0.0,1.0,2.075,8.3,4.0,1.693489228941199,1.8071400459656088,0.4593463910010268,0.44689608104459744,0.4935147964987481,0.6694128648207872
8_1_10,8,1,10,3,0.0,0.3333333333333333,0.3333333333333333,0.0,0.0,0.44999999999999996,1.7999999999999998,4.0,0.7573097594731658,0.6131961960978839,0.49286635760062003,0.44589479852414016,0.5139538279073258,0.5229868853275558
8_1_11,8,1,11,5,1.0,0.2,0.8,0.0,0.0,1.09,4.36,4.0,0.9231568831018527,1.0322109498753569,0.4504532578548444,0.433687685092219,0.45370104950975765,0.4019176874921964
8_1_12,8,1,12,4,1.0,0.25,0.75,0.0,1.0,1.575,6.3,4.0,1.9075440365410032,1.7345572585978835,0.4224913706289612,0.40483282142094834,0.3958463788046458,0.6005898538149852
8_1_13,8,1,13,4,1.0,0.25,0.75,0.0,0.0,1.23125,4.925,4.0,0.969072790509259,1.1294089854242992,0.4206553169705598,0.40354075700452535,0.44145065486852486,0.43957735562573813
8_1_2,8,1,2,4,1.0,0.25,0.75,0.5,0.0,0.3875,1.55,4.0,0.8116190610119063,0.6402029411375655,0.4761787639059344,0.5296505639871801,0.528487474474519,0.543700489487627
8_1_3,8,1,3,5,1.0,0.2,0.8,0.2,0.0,1.17625,4.705,4.0,0.7166042038540155,0.9728254191468261,0.535965511652752,0.5340143540094694,0.5281133037206652,0.4814110024007864
8_1_4,8,1,4,4,1.0,0.25,1.0,0.0,0.0,0.86875,3.475,4.0,1.1185867847522852,1.0447453167989418,0.4787907415796737,0.4572640104891287,0.38626506627771484,0.3924334748667405
8_1_5,8,1,5,6,0.5,0.16666666666666666,0.5,0.16666666666666666,0.0,1.0125,4.05,4.0,0.6382611048130109,0.7556327944624822,0.5088552700789217,0.49378514767941306,0.45158452518357955,0.4536635262915582
8_1_6,8,1,6,4,1.0,0.25,0.75,0.25,0.0,0.7,2.8,4.0,0.6745906226851851,0.6977472886904761,0.3934477581711063,0.41897121659531744,0.47910475726209034,0.4702337013328565
8_1_7,8,1,7,5,0.0,0.2,0.8,0.0,0.0,0.15,0.6,4.0,1.143850786541006,0.6079546919492546,0.46055100065830634,0.4467612326717374,0.5169767895646582,0.49016622161349516
8_1_8,8,1,8,6,1.0,0.16666666666666666,0.5,0.0,0.0,0.994,3.976,4.0,0.9315381352513227,0.9437928710317461,0.4466774260448185,0.42978553813243625,0.43540431244272276,0.4366814151456264
8_1_9,8,1,9,5,0.4,0.2,0.6,0.0,0.0,0.46,1.84,4.0,0.8555509032738103,0.6389610133928568,0.48022723421244284,0.45114861910214205,0.4231371390771067,0.43506689617390526
8_2_1,8,2,1,5,1.0,0.2,0.8,0.4,0.6,2.0925,8.37,4.0,2.0102912291666666,1.9445185962301605,0.47255982811563796,0.5724778781102279,0.424170690486856,0.5821167759633863
8_2_2,8,2,2,6,0.0,0.0,0.6666666666666666,1.0,0.0,0.2075,0.83,4.0,0.5458062192460301,0.3114153191137572,0.6080985010768841,0.6706920551456771,0.500795441971048,0.4553355686018247
8_2_3,8,2,3,5,0.8,0.2,0.8,0.8,0.0,0.2,0.8,4.0,0.49174334408068726,0.3624544196428575,0.5061100894426769,0.6165950103844688,0.4390748283065129,0.4178113005012129
8_2_4,8,2,4,4,0.0,0.25,1.0,0.0,0.0,1.4,5.6,4.0,1.042841399631232,1.0505215443121687,0.45101120408471085,0.4188467130831958,0.5312923551879436,0.5012983549622236
8_2_5,8,2,5,5,0.8,0.2,0.6,0.2,0.0,1.175,4.7,4.0,0.884732275132275,0.9809317910052919,0.5853983999625065,0.596301169142969,0.4508348558953455,0.4412862503845293
8_2_6,8,2,6,5,0.8,0.2,0.8,0.6,0.0,0.6575,2.63,4.0,0.4967459209656074,0.5742118005952376,0.5783798294472532,0.6288027131339542,0.42764386089206363,0.41252811498987363
8_2_7,8,2,7,4,0.0,0.25,0.75,0.0,1.0,2.35,9.4,4.0,2.189278739638446,2.260865042493385,0.5115882405065211,0.5170355896582125,0.41545943395731394,0.5466883017561093
8_4_1,8,4,1,4,1.0,0.25,0.75,0.0,0.0,0.25,1.0,4.0,1.1197419899140193,0.8791308199150395,0.40238562126465066,0.3735295111639327,0.49205084716814584,0.46631792189839594
8_4_10,8,4,10,5,0.8,0.6,0.8,0.4,0.0,0.8575,3.43,4.0,0.5788416286375657,0.7250388095238093,0.41403131200521326,0.46487947195328816,0.45575025291718135,0.4819001306033071
8_4_11,8,4,11,4,1.0,0.25,0.75,0.0,0.0,1.45,5.8,4.0,0.6421685353134511,0.8791308199150395,0.3634295082354044,0.3342195389785152,0.505545355508687,0.5128474423642302
8_4_12,8,4,12,4,0.75,0.25,0.5,0.0,0.0,0.93875,3.755,4.0,0.9106491589822209,0.9947641047366993,0.46282295415918623,0.3946534730494736,0.5101443594588431,0.4767699839568353
8_4_13,8,4,13,6,1.0,0.16666666666666666,0.6666666666666666,0.0,1.0,1.2175,4.87,4.0,1.8579334758597883,1.603758104828045,0.4830318438495717,0.48845206730704316,0.5494188909485174,0.6427869093998834
8_4_14,8,4,14,4,0.0,0.25,0.75,0.0,0.0,0.35625,1.425,4.0,0.656172995280182,0.6163167519390333,0.4902688924736994,0.44956715802244773,0.47125780033817,0.4616973429184677
8_4_15,8,4,15,6,0.0,0.16666666666666666,0.3333333333333333,0.16666666666666666,0.0,0.25,1.0,4.0,0.8701374237764551,0.580224316708754,0.47450776604172096,0.471297302679768,0.3803251007879149,0.3282022393428032
8_4_16,8,4,16,6,1.0,0.16666666666666666,1.0,0.16666666666666666,0.0,0.42500000000000004,1.7000000000000002,4.0,0.7654571661556028,0.6797915116191685,0.5141427454232096,0.4982583885486962,0.3751275833484428,0.3445103638445706
8_4_17,8,4,17,3,0.6666666666666666,0.3333333333333333,0.3333333333333333,1.0,0.0,0.15,0.6,4.0,0.44133053228021973,0.2765334052579366,0.6820121855759721,0.7524781407329221,0.4279112900139901,0.3527111073573586
8_4_18,8,4,18,6,1.0,0.3333333333333333,0.8333333333333334,0.6666666666666666,0.0,0.8175,3.27,4.0,0.6023902094757082,0.7285058581349197,0.5862228292515016,0.6159567207088893,0.40037439565505334,0.3577759554557138
8_4_19,8,4,19,5,1.0,0.2,0.8,0.0,0.0,0.9875,3.95,4.0,0.8179877379298952,0.8683140962047211,0.5722616141565863,0.5633647870443828,0.4356835154329917,0.37456347427556463
8_4_2,8,4,2,6,0.3333333333333333,0.5,0.5,0.0,1.0,1.8082500000000001,7.2330000000000005,4.0,1.6125554364478107,1.6836677850529114,0.4250639365667688,0.37822863725010064,0.6613937811538931,0.7366833639709555
8_4_3,8,4,3,6,0.0,0.5,0.5,0.0,0.0,1.1075,4.43,4.0,0.9258137947261073,1.0268592820905957,0.39523199168914297,0.38240098419074103,0.5327539051098841,0.5402688918758617
8_4_4,8,4,4,6,0.0,0.5,0.16666666666666666,0.0,0.0,1.155,4.62,4.0,0.9689872647156089,0.9881703938029567,0.4241319839033804,0.4131906994798536,0.4487420408824276,0.42292855005179125
8_4_5,8,4,5,6,0.0,0.3333333333333333,0.5,0.0,1.0,1.5190000000000001,6.0760000000000005,4.0,2.224953941688712,1.915574072641092,0.39192144575935467,0.3727322539422646,0.5295678231028617,0.6236066188481431
8_4_6,8,4,6,5,0.0,0.2,0.4,0.0,0.0,1.05,4.2,4.0,0.881011956582769,0.9325346851470281,0.43352311769159246,0.4226082139439361,0.5396076313611864,0.5153128469970236
8_4_7,8,4,7,5,1.0,0.2,0.8,0.4,0.0,0.5175000000000001,2.0700000000000003,4.0,0.7696003893849209,0.6316938654100527,0.5437805404575783,0.5540953884775393,0.4711295676034659,0.45859380169504227
8_4_8,8,4,8,5,0.0,0.2,0.8,0.0,0.0,0.325,1.3,4.0,1.0747569518849205,0.7071221727693606,0.4431595011704217,0.45710943852134245,0.4540943284654547,0.4268189853581548
8_4_9,8,4,9,4,1.0,0.25,0.5,0.0,0.0,1.225,4.9,4.0,0.9826617673611111,1.0552711771284278,0.5017880232111206,0.46386834083339856,0.4577827760072005,0.45760150302566877
8_5_1,8,5,1,5,0.2,0.2,0.6,0.0,1.0,1.4849999999999999,5.9399999999999995,4.0,1.9072397568392243,1.6821477281746022,0.43549520487579957,0.4153022699317221,0.5884351512190236,0.6987409466744926
8_5_2,8,5,2,5,0.4,0.2,0.8,0.2,0.0,1.05,4.2,4.0,0.9513780833333334,0.9387655980489427,0.5543439264070097,0.5545758320737211,0.6306505599412057,0.5817984452479309
8_5_3,8,5,3,3,1.0,0.3333333333333333,0.6666666666666666,0.0,0.0,0.75,3.0,4.0,0.5898262908399465,0.6286070029761909,0.4298026313429726,0.3994935385604787,0.49801815077706707,0.5191277307420396
8_5_4,8,5,4,4,0.0,0.25,0.75,0.25,0.0,1.03375,4.135,4.0,0.8369888829515391,0.94999777612434,0.4452506634877603,0.46844501393534677,0.5894011892368254,0.5873646988198965
8_5_5,8,5,5,4,1.0,0.25,0.75,0.5,0.0,1.395,5.58,4.0,0.5196490512566136,0.8853361177248691,0.5502418039950973,0.5497384968387602,0.642752943443433,0.6428952701903543
8_5_6,8,5,6,5,0.2,0.2,0.8,0.4,0.6,1.525,6.1,4.0,2.1049684100529076,1.7670586484788366,0.5579486195873358,0.581385001173611,0.6178906686961662,0.6807472085869333
8_5_7,8,5,7,6,1.0,0.3333333333333333,0.6666666666666666,0.16666666666666666,0.8333333333333334,1.76,7.04,4.0,1.804358726791727,1.7135397433862423,0.471172841392951,0.46366567742234693,0.6065804364148923,0.6924416802728081
8_6_1,8,6,1,4,0.25,0.25,0.5,0.0,0.0,1.40625,5.625,4.0,1.2167332619047606,1.2843212791957264,0.35723079378694755,0.30937124052649706,0.4419186065961356,0.48677996430825177
8_6_10,8,6,10,4,0.75,0.25,0.5,0.0,0.0,1.05,4.2,4.0,1.2067817994378307,1.2082979162808645,0.4873450439832817,0.4934090176705025,0.4866543682752355,0.5190284215463805
8_6_12,8,6,12,5,0.4,0.0,0.8,1.0,0.0,0.2,0.8,4.0,0.5524448640873011,0.2731226028439157,0.48198277788207894,0.6002399431219241,0.5061978012656392,0.487048674833715
8_6_13,8,6,13,5,1.0,0.2,0.6,0.0,0.0,0.8625,3.45,4.0,1.061886704895798,0.9185975069444438,0.4774405342838334,0.4695733503036953,0.5626862234112956,0.5459490638219016
8_6_14,8,6,14,6,0.6666666666666666,0.3333333333333333,0.6666666666666666,0.3333333333333333,0.6666666666666666,1.629,6.516,4.0,1.7805512065145521,1.7348396180555554,0.44731897618528405,0.5033470006156121,0.5381606570478414,0.5816903534601352
8_6_2,8,6,2,4,0.5,0.5,0.75,0.0,1.0,1.675,6.7,4.0,1.7643385663029114,1.72726613095238,0.46498438008471754,0.45159349408836935,0.5964525447961218,0.6835915293942938
8_6_3,8,6,3,6,0.8333333333333334,0.16666666666666666,0.6666666666666666,0.0,0.0,1.279,5.116,4.0,1.0089384727182538,1.168694198578041,0.4693042151311964,0.4494968723339348,0.5612618461040096,0.5464612328739203
8_6_4,8,6,4,6,0.0,0.16666666666666666,0.5,0.0,0.0,0.75,3.0,4.0,1.1339435441213865,1.0032120079214764,0.5093642167168779,0.5035143690382862,0.5910958824268381,0.5779121920797238
8_6_5,8,6,5,5,0.6,0.2,0.6,0.6,0.0,1.2575,5.03,4.0,0.6589220119047603,0.8551230454695764,0.5054074599088347,0.5537895639061368,0.5729089770270351,0.5636374277424815
8_6_6,8,6,6,6,0.6666666666666666,0.16666666666666666,0.5,0.16666666666666666,0.0,0.71875,2.875,4.0,1.0001072832341262,0.7793824954154647,0.48820562312721716,0.5214395448605781,0.512378930734782,0.51462520328332
8_6_7,8,6,7,4,0.75,0.25,0.75,0.0,0.0,1.29375,5.175,4.0,1.0700477339616408,1.183739920469578,0.4718536526364172,0.48125323153302635,0.5225128850211874,0.4997290199332927
8_6_8,8,6,8,4,0.0,0.5,0.5,0.25,0.75,1.625,6.5,4.0,2.632536786210317,2.0959992933201064,0.4966513087578708,0.5145547902626358,0.5647065645440873,0.672590828597707
8_6_9,8,6,9,4,1.0,0.25,0.5,0.0,0.0,1.4,5.6,4.0,1.1003179007936508,1.1982850122354503,0.4727544974394882,0.4820717510966245,0.4781558524367005,0.45570231180948817
8_7_1,8,7,1,4,0.0,0.25,0.25,0.0,0.0,0.525,2.1,4.0,1.2982471822089952,0.9143851957945602,0.5111246685115132,0.47190150125775054,0.4697878454288328,0.4862349522148226
8_7_2,8,7,2,5,0.8,0.4,0.4,0.0,0.0,1.34,5.36,4.0,0.8635624570105828,1.0941229028379025,0.40344265934482826,0.40743752665478716,0.45690206991647936,0.41621752071264606
8_7_3,8,7,3,6,0.0,0.3333333333333333,0.6666666666666666,0.0,1.0,2.55425,10.217,4.0,1.8773825882936497,2.2201574742614643,0.4335630616851193,0.43814342471958084,0.5536837011491027,0.6725014263712442
8_7_4,8,7,4,6,0.0,0.3333333333333333,0.3333333333333333,0.5,0.0,0.8999999999999999,3.5999999999999996,4.0,0.6359815873015873,0.7556385781926397,0.45566196524678126,0.5272399197170899,0.4840990738968258,0.5063553362667107
8_7_5,8,7,5,6,0.8333333333333334,0.3333333333333333,0.5,0.16666666666666666,0.0,0.3825,1.53,4.0,1.0581814953703699,0.7104932265512262,0.43986479408050294,0.4331287472163645,0.46509026206679377,0.4252774577428786
8_7_6,8,7,6,5,1.0,0.6,0.6,0.2,0.0,1.2,4.8,4.0,0.883744440972222,1.0280052050114232,0.420768691970877,0.43446563412268296,0.4513853618633769,0.41308948332151285
8_7_7,8,7,7,3,0.6666666666666666,0.3333333333333333,0.3333333333333333,0.3333333333333333,0.0,0.25,1.0,4.0,0.8045105009920639,0.5392290476190468,0.5186593662114868,0.4957765749222692,0.5055135544486776,0.47453013115503767
8_8_1,8,8,1,6,0.0,0.3333333333333333,0.6666666666666666,0.16666666666666666,0.0,1.0325,4.13,4.0,1.019093224807599,1.060257638337742,0.4004766218673194,0.41588206642680875,0.4289021943535218,0.4342954075245891
8_8_10,8,8,10,4,1.0,0.25,0.75,0.25,0.0,0.25,1.0,4.0,1.0884957242063482,0.6049493467261906,0.41628669978238675,0.4343158099165568,0.23715321166269837,0.24418685226237508
8_8_2,8,8,2,4,0.0,0.25,0.5,0.0,0.0,2.225,8.9,4.0,1.0320893483021611,1.436815920549743,0.4873094680107429,0.46546315929403975,0.42259947217330246,0.42937913163621433
8_8_3,8,8,3,3,1.0,0.3333333333333333,0.6666666666666666,1.0,0.0,0.6,2.4,4.0,0.6556991564153438,0.3878398032407414,0.5368722888293388,0.6199696834915994,0.30965656119894,0.34039399509539736
8_8_4,8,8,4,6,0.8333333333333334,0.16666666666666666,0.6666666666666666,0.0,0.0,1.3655,5.462,4.0,0.7866630623092181,1.0990438663766795,0.513297271741196,0.467221469008553,0.3181074584835066,0.30887422604357057
8_8_5,8,8,5,5,1.0,0.2,0.4,0.0,0.0,0.64,2.56,4.0,1.2400778039021154,0.8926206170634924,0.46418885383566516,0.4635866843297352,0.3111740794329683,0.3077021724241796
8_8_6,8,8,6,6,0.8333333333333334,0.16666666666666666,0.5,0.16666666666666666,0.0,0.1675,0.67,4.0,1.142090472552908,0.5778805598995924,0.47111920319593814,0.4686509687810773,0.2972048311350609,0.3052456375119167
8_8_7,8,8,7,5,0.6,0.2,0.8,0.2,0.0,0.24,0.96,4.0,0.9281574568452383,0.6223632556066622,0.5384703054048336,0.5330676787017536,0.30188494254822434,0.2980295328683142
8_8_8,8,8,8,6,0.0,0.16666666666666666,0.8333333333333334,0.0,0.0,1.1,4.4,4.0,1.2333391943843182,1.166388656415344,0.4749674854646075,0.4812482666501265,0.3445655139654251,0.3355943084629289
8_8_9,8,8,9,6,1.0,0.3333333333333333,0.6666666666666666,0.16666666666666666,0.0,1.3275000000000001,5.3100000000000005,4.0,0.7387815200066141,1.0482197402643643,0.4792167504942932,0.5012477686346256,0.2583487261719919,0.2337976034513366
8_9_1,8,9,1,5,0.8,0.2,0.8,0.6,0.0,0.2,0.8,4.0,0.6445085849867722,0.4578416165123459,0.4461479451042276,0.5385874862207282,0.5921008650850045,0.5902414070623443
9_11_1,9,11,1,4,0.0,0.25,1.0,0.0,0.0,0.3,1.2,4.0,1.2384187844967527,0.8335238153108463,0.41145489576322386,0.4109352642877908,0.42877467758318843,0.3811571995497067
9_11_2,9,11,2,4,0.0,0.5,1.0,1.0,0.0,,,,,0.2117632192460315,0.4420876939175634,0.5718402355205128,0.3747936684796577,0.38325212992703944
9_11_3,9,11,3,4,0.0,0.25,0.75,0.0,0.0,1.125,4.5,4.0,1.1086774634439647,1.1027090696097883,0.4593585644207064,0.4628289626676811,0.4000706522451724,0.3979499239134121
9_11_4,9,11,4,4,0.0,0.25,0.75,0.0,0.0,1.225,4.9,4.0,1.0197423101851861,1.1027090696097883,0.4865140000162068,0.4749727199398965,0.3859845821217146,0.3667409044286227
9_12_1,9,12,1,4,1.0,0.25,1.0,0.0,0.25,1.725,6.9,4.0,1.5740893645532714,1.9990932738095235,0.3670113906504648,0.3313032795791592,0.29670453572387206,0.3508286234984518
9_12_2,9,12,2,3,0.0,0.3333333333333333,0.3333333333333333,0.0,0.0,0.725,2.9,4.0,0.7749932447587148,0.6411694443519441,0.4817748247149878,0.45573402837919913,0.3431116813303672,0.3558300908722858
9_13_1,9,13,1,6,0.0,0.16666666666666666,0.8333333333333334,0.0,0.0,1.95,7.8,4.0,1.0578435287698424,1.4344924867724862,0.5669866465890143,0.5502330025870233,0.3295077479030371,0.2991075725269452
9_13_2,9,13,2,4,0.0,0.25,0.75,1.0,0.0,,,,,0.20075115244708955,0.6092563873757555,0.7008050982689948,0.30097569956478415,0.25597423216088616
9_13_3,9,13,3,5,1.0,0.2,0.6,0.4,0.0,0.6,2.4,4.0,0.9516920955687834,0.8157757943121688,0.6273171727074848,0.6735816531560381,0.2865202068782672,0.2832770676578616
9_13_5,9,13,5,1,0.0,1.0,1.0,1.0,0.0,,,,,0.22829127149470896,0.4443911094726327,0.6494685130104075,0.21234691719549112,0.2281507725504532
9_1_1,9,1,1,6,0.0,0.16666666666666666,0.6666666666666666,0.0,0.0,-0.07500000000000001,-0.30000000000000004,4.0,0.9773566203703693,0.6683927767857135,0.49143551126292406,0.4625333432922314,0.34653127610691276,0.33877955276917354
9_1_2,9,1,2,6,0.0,0.16666666666666666,0.8333333333333334,0.6666666666666666,0.0,,,,,0.631391084986773,0.5529758026731603,0.587470719968235,0.30927775835249494,0.3099306689037587
9_1_3,9,1,3,3,0.0,0.0,1.0,1.0,0.0,,,,,0.19264957175925904,0.5271860181114354,0.6028546746567472,0.3347377996215168,0.3379223638252154
9_1_4,9,1,4,4,0.0,0.25,0.75,0.0,0.0,1.9500000000000002,7.800000000000001,4.0,0.7522995256583698,1.2359775170304228,0.421104351286806,0.4213016564533218,0.35152514956821107,0.3144273001521119
9_1_5,9,1,5,5,1.0,0.2,1.0,0.0,0.0,1.975,7.9,4.0,0.8803079891424165,1.3766242942019402,0.4177695813705304,0.43759838509392746,0.3139279299763925,0.3301317916699529
9_2_1,9,2,1,5,0.0,0.2,0.6,0.2,0.6,2.8,11.2,4.0,2.630257030368168,2.774059224206354,0.5193155798960194,0.5240049487357747,0.39698611794360916,0.4703158577510651
9_2_10,9,2,10,3,0.0,0.3333333333333333,0.6666666666666666,0.0,0.0,0.425,1.7,4.0,0.7337434788359787,0.5802382756132758,0.5231251724661455,0.5036263070696768,0.3037013021518718,0.3241369753151034
9_2_2,9,2,2,5,0.0,0.2,0.6,0.2,0.0,1.475,5.9,4.0,0.6952116038359789,0.9557427471891529,0.5014831465169951,0.49927377988086724,0.34747895082805486,0.3776446361615791
9_2_3,9,2,3,4,0.0,0.25,0.75,0.0,0.0,1.125,4.5,4.0,1.0888218116732815,1.1814953846450635,0.5194598800178387,0.49412035676299115,0.3906579317792318,0.41712644755123396
9_2_4,9,2,4,3,0.0,0.3333333333333333,1.0,0.3333333333333333,0.0,1.1,4.4,4.0,0.6126437476701538,0.8708311029942265,0.45049900968219836,0.4891348404684326,0.435797006914361,0.4025866094183188
9_2_5,9,2,5,4,0.0,0.25,1.0,0.0,0.0,0.7749999999999999,3.0999999999999996,4.0,1.0480087458664002,1.0004905718143733,0.47754616819176615,0.42468875338034007,0.3450497056576208,0.3328942734792733
9_2_6,9,2,6,5,0.0,0.2,0.6,0.0,0.0,0.25,1.0,4.0,1.1702219598214283,0.8459029280372403,0.4781928961102608,0.47750299248361927,0.3875869762816439,0.36320332878329886
9_2_7,9,2,7,4,0.0,0.25,0.5,0.25,0.0,1.675,6.7,4.0,0.8315271152998236,1.123422351741622,0.4901858364285153,0.49910305426450474,0.3593418352938084,0.36252744523622393
9_2_8,9,2,8,5,0.0,0.2,0.8,0.0,0.0,1.45,5.8,4.0,0.9488575140692636,1.2288125591931245,0.49810341124217017,0.48770294367146183,0.27255318951171337,0.2756611012026204
9_2_9,9,2,9,5,0.0,0.2,0.6,0.2,0.0,0.39999999999999997,1.5999999999999999,4.0,0.958007027116402,0.9557427471891529,0.4707414620220347,0.440978118904892,0.3884408912945235,0.35878478583197004
9_4_1,9,4,1,6,0.0,0.16666666666666666,0.6666666666666666,0.0,0.0,0.09999999999999998,0.3999999999999999,4.0,1.1376899891428007,0.6572494885912693,0.4030813273681973,0.39891818795291717,0.4115260910754181,0.3834972438322555
9_4_10,9,4,10,5,0.0,0.2,0.8,0.2,0.0,1.625,6.5,4.0,0.6664080080567579,1.001822278439154,0.4126585133375843,0.42674297002115236,0.25117217835743466,0.2632601572590975
9_4_11,9,4,11,4,0.0,0.25,0.75,0.0,0.0,0.9,3.6,4.0,0.6940142842805351,0.6606336908461905,0.34912707977367663,0.31270161639937477,0.27423557625603595,0.28196310733312907
9_4_12,9,4,12,4,0.0,0.25,1.0,0.25,0.0,-0.075,-0.3,4.0,0.6314038827260705,0.35296844381313136,0.3738125772968559,0.3726516092503807,0.2665217913087633,0.2539140731438362
9_4_13,9,4,13,3,0.0,0.3333333333333333,0.6666666666666666,0.3333333333333333,0.0,0.2,0.8,4.0,0.5139844480519479,0.47448562935906674,0.44604451417388846,0.46896063817617595,0.34063664725744164,0.32743239342828007
9_4_14,9,4,14,4,0.0,0.25,0.5,0.0,0.0,1.4249999999999998,5.699999999999999,4.0,0.8585998197751326,0.7544107038640374,0.43193381853538565,0.431163834321875,0.32386464922619607,0.3411055594005309
9_4_15,9,4,15,4,0.0,0.25,0.5,0.0,0.0,0.975,3.9,4.0,0.7491163977688978,0.7544107038640374,0.43970152521139894,0.3963845675986758,0.2833290704313053,0.25072554056682606
9_4_16,9,4,16,5,0.0,0.2,0.6,0.0,0.0,1.7999999999999998,7.199999999999999,4.0,0.6201130122655125,1.0805463426214976,0.39123148383110723,0.3723939040749191,0.25599930445190233,0.228093904737732
9_4_17,9,4,17,4,0.0,0.25,0.75,0.25,0.0,0.275,1.1,4.0,0.502566806954619,0.3602193945406444,0.4516052825315113,0.4754039358884511,0.2667272480186615,0.23428979388348198
9_4_18,9,4,18,6,1.0,0.16666666666666666,0.3333333333333333,0.3333333333333333,0.0,1.7249999999999999,6.8999999999999995,4.0,0.5247070596810598,1.0635754568452385,0.576102052280236,0.5807896797220363,0.3243977361937373,0.2783453107209209
9_4_2,9,4,2,5,0.0,0.2,0.6,0.0,0.0,0.625,2.5,4.0,1.2324489735253161,1.0805463426214976,0.3998562033546643,0.3814805419467095,0.3171095698834636,0.311663233822915
9_4_3,9,4,3,4,0.0,0.25,0.5,0.0,0.0,0.275,1.1,4.0,0.8585998197751326,0.7544107038640374,0.4176714146776761,0.4157410394497044,0.2838578856580702,0.270737398495861
9_4_4,9,4,4,4,0.0,0.25,0.75,0.0,0.0,0.4,1.6,4.0,0.7729850716239784,0.6606336908461905,0.3961802563406114,0.36982040759403034,0.2912226218010033,0.27202438932805373
9_4_5,9,4,5,5,0.0,0.2,1.0,0.0,0.0,1.475,5.9,4.0,1.0470755307539679,1.2366989123126102,0.4309176528825741,0.41012025156959675,0.3196008331522585,0.32428139058304767
9_4_6,9,4,6,4,0.0,0.25,0.5,0.0,0.0,0.875,3.5,4.0,0.768951111361632,0.7544107038640374,0.41939225792107326,0.38734541855947485,0.339977654173532,0.3184927015343423
9_4_7,9,4,7,4,0.0,0.25,0.5,0.0,0.0,0.625,2.5,4.0,0.768951111361632,0.7544107038640374,0.3960094974068213,0.3851836299892202,0.3324641218315274,0.3254742103858538
9_4_8,9,4,8,5,1.0,0.2,0.4,0.6,0.2,1.65,6.6,4.0,1.56700991909171,1.6875599609237224,0.4977611260393068,0.5338124189105093,0.325641868608905,0.37621713162800025
9_4_9,9,4,9,4,0.0,0.25,0.5,0.0,0.0,0.375,1.5,4.0,0.8585998197751326,0.7544107038640374,0.40848057307144203,0.430286220069815,0.309032569510394,0.29228979285716533
9_5_1,9,5,1,5,0.0,0.2,0.8,0.0,0.0,1.7999999999999998,7.199999999999999,4.0,1.2072691202050254,1.4323242146164064,0.4367225280692554,0.42121616207716295,0.47712384151607223,0.46881988273177655
9_5_2,9,5,2,5,0.0,0.2,0.8,0.0,0.0,1.475,5.9,4.0,1.3283932296176026,1.4323242146164064,0.5122789263783423,0.5055626512655957,0.4911525717857389,0.5072050498137763
9_5_4,9,5,4,5,0.0,0.2,0.8,0.2,0.0,0.7125,2.85,4.0,1.2095280453342956,1.0968149396494729,0.4986643041955995,0.501645474994738,0.4366492537831423,0.4243863724247885
9_5_5,9,5,5,3,0.0,0.3333333333333333,1.0,0.3333333333333333,0.0,,,,,0.8251434682389364,0.4938688128414437,0.5233961894772259,0.5108163211883353,0.5207342394768016
9_5_6,9,5,6,6,1.0,0.16666666666666666,0.3333333333333333,0.5,0.5,2.375,9.5,4.0,1.8314101064814823,2.1564237000661404,0.5205934916269781,0.5521942253964017,0.4415957982327357,0.5443567635394199
9_6_2,9,6,2,5,0.0,0.2,0.8,0.0,0.0,1.0499999999999998,4.199999999999999,4.0,1.3172978808170992,1.197638538029101,0.3997162592561635,0.3968146818492535,0.4534089486066778,0.4418111262837304
9_6_3,9,6,3,6,0.0,0.16666666666666666,0.6666666666666666,0.0,0.0,1.6749999999999998,6.699999999999999,4.0,0.9552225798611107,1.1493857804232783,0.43105563770750743,0.40238637843121383,0.4520915482511849,0.47236542958357425
9_6_4,9,6,4,5,1.0,0.2,0.8,0.0,0.0,0.575,2.3,4.0,1.2544235801918,0.9660153654100524,0.4575812754683807,0.415571708193702,0.39085507614989995,0.37380358653404716
9_6_5,9,6,5,3,1.0,0.3333333333333333,0.6666666666666666,0.0,0.0,-0.125,-0.5,4.0,0.7083823543320108,0.3152317761243386,0.35992124112214596,0.381284118505054,0.37255894287976027,0.40756873425017454
9_6_6,9,6,6,5,0.0,0.2,0.8,0.2,0.8,4.0,16.0,4.0,2.305412876488092,2.9606183386243456,0.42399034243678857,0.4364482726431767,0.39070347137285044,0.5313112287567675
9_6_7,9,6,7,4,1.0,0.25,0.75,0.5,0.0,,,,,0.6458693827160493,0.38591392492438303,0.46109004681927823,0.485698384227143,0.4703346408712675
9_7_1,9,7,1,4,0.0,0.25,0.5,0.5,0.0,0.25,1.0,4.0,0.8923773505140692,0.6119328369007527,0.44032295498266244,0.47394549621739185,0.46946885342401246,0.4665137412103104
9_7_2,9,7,2,4,0.0,0.25,1.0,0.25,0.0,0.6125,2.45,4.0,0.6577188867344074,0.5564667131132754,0.40330785747448783,0.44483267883290417,0.4360562372222411,0.4222453204758823
9_7_4,9,7,4,4,0.0,0.25,0.75,0.25,0.0,0.375,1.5,4.0,0.8450967558020669,0.588389222207191,0.4092212042752707,0.4749607797614422,0.42097649126582803,0.40818454347164
9_7_5,9,7,5,2,0.0,0.0,0.5,0.0,0.0,2.125,8.5,4.0,0.5381703671536787,1.2953937320411062,0.5941972410520157,0.5311563684674558,0.48200471255413874,0.42448191964786813
9_7_6,9,7,6,3,0.0,0.3333333333333333,1.0,0.0,0.0,0.7625,3.05,4.0,0.6617220793500479,0.8144192136644225,0.46422212640006233,0.4507890555653509,0.41071171054367905,0.39073211313101025
9_7_7,9,7,7,3,0.0,0.3333333333333333,1.0,0.0,0.6666666666666666,4.025,16.1,4.0,3.0460358022486815,3.748653116732807,0.45753326843865977,0.4336434471507366,0.3915614160223044,0.5260500098637171
9_8_1,9,8,1,3,0.0,0.3333333333333333,1.0,0.0,0.0,1.2125,4.85,4.0,0.8477404960317455,0.9641552417728874,0.40233139507005555,0.4169938099909571,0.39327398232683136,0.3863414306708491
9_8_2,9,8,2,3,0.0,0.3333333333333333,0.6666666666666666,0.0,1.0,2.525,10.1,4.0,3.5840193792438337,3.419414644345245,0.4898143200860397,0.4738165766849692,0.28935828966851823,0.5102519951682968
9_8_3,9,8,3,3,0.0,0.3333333333333333,0.6666666666666666,0.3333333333333333,0.0,1.825,7.3,4.0,0.448347306547619,1.0232571926106298,0.4667971773866953,0.5007457697480845,0.38953268153556425,0.3621601255565607
9_8_5,9,8,5,3,0.0,0.3333333333333333,0.6666666666666666,1.0,0.0,-0.15000000000000002,-0.6000000000000001,4.0,0.7761956398809519,0.24720575396825395,0.4170405455924624,0.5344542848497106,0.2953829202385909,0.3391704916112528
9_8_6,9,8,6,3,0.0,0.3333333333333333,0.6666666666666666,0.0,0.0,0.7,2.8,4.0,0.6388339160052904,0.8485100596440593,0.4578765595413685,0.4439851975877363,0.3208547319533752,0.30314915132818704
9_8_8,9,8,8,6,0.0,0.16666666666666666,0.3333333333333333,0.0,0.0,0.8,3.2,4.0,1.2291153508782875,0.9394001830715583,0.4387197960101951,0.40709861605622516,0.3199995920332046,0.32827350697797786
9_일반학회원_1,9,일반학회원,1,3,1.0,0.3333333333333333,0.6666666666666666,0.0,0.0,0.0,0.0,4.0,0.5404191053090432,0.27484210548941773,0.3286890866283037,0.30501380528743943,0.32724826989691885,0.33545215522500493
